Technology,Capacity_GW,Utilization,CAPEX_bilEUR,OM_bilEUR,Share_ren,Extension
Solar PV,0.0,NaN,0.0,0.0,0.0,0
Wind Onshore,0.0,NaN,0.0,0.0,0.0,0
Wind Offshore,0.0,NaN,0.0,0.0,0.0,0
Biogas,0.0,NaN,0.0,0.0,0.0,0
Brown coal,0.0,NaN,0.0,0.0,0.0,0
Hard coal,0.0,NaN,0.0,0.0,0.0,0
CCGT,0.0,NaN,0.0,0.0,0.0,0
GT,5.609999999999998,0.6967407796451918,2.804999999999999,2.5542558492000023,0.0,0
Solar PV,0.0,NaN,0.0,0.0,0.6,0
Wind Onshore,11.078963968402066,0.28893792103692334,19.388186944703616,8.944832350382107,0.6,0
Wind Offshore,0.0,NaN,0.0,0.0,0.6,0
Biogas,0.0,NaN,0.0,0.0,0.6,0
Brown coal,0.0,NaN,0.0,0.0,0.6,0
Hard coal,0.0,NaN,0.0,0.0,0.6,0
CCGT,0.0,NaN,0.0,0.0,0.6,0
GT,4.8832952988741685,0.3201703386408492,2.4416476494370842,2.204106633575624,0.6,0
Solar PV,0.0,NaN,0.0,0.0,0.8,0
Wind Onshore,26.291055344760274,0.28893792103692334,46.00934685333048,21.226631212468565,0.8,0
Wind Offshore,0.0,NaN,0.0,0.0,0.8,0
Biogas,0.0,NaN,0.0,0.0,0.8,0
Brown coal,0.0,NaN,0.0,0.0,0.8,0
Hard coal,0.0,NaN,0.0,0.0,0.8,0
CCGT,-9.094947017729283e-16,0.001488095238095238,-8.640199666842819e-16,-4.482140866457442e-16,0.8,0
GT,4.364016472552479,0.17913386892068006,2.1820082362762396,1.9632745495435262,0.8,0
Solar PV,27.233392649512194,0.00433582108931658,19.063374854658537,12.810587902330365,0.95,0
Wind Onshore,28.5,0.2889379210369234,49.875,23.0100686953185,0.95,0
Wind Offshore,54.550259085485656,0.2889379210369234,212.74601043339405,146.68405552698462,0.95,0
Biogas,0.0,NaN,0.0,-1.0097419586828952e-37,0.95,0
Brown coal,0.0,-Inf,0.0,-6.605205271625891e-22,0.95,0
Hard coal,0.0,NaN,0.0,0.0,0.95,0
CCGT,0.0,NaN,0.0,0.0,0.95,0
GT,4.040894642839089,0.04836448508669018,2.0204473214195446,1.81236959245192,0.95,0
