Technology,Capacity_GW,Utilization,CAPEX_bilEUR,OM_bilEUR,Share_ren,Extension
Solar PV,0.0,NaN,0.0,0.0,0.0,0
Wind Onshore,8.491755069817778e-15,0.28887257021850266,1.486057137218111e-14,6.855993486279671e-15,0.0,0
Wind Offshore,0.0,NaN,0.0,0.0,0.0,0
Biogas,0.0,NaN,0.0,0.0,0.0,0
Brown coal,0.0,NaN,0.0,0.0,0.0,0
Hard coal,0.0,NaN,0.0,0.0,0.0,0
CCGT,0.0,NaN,0.0,0.0,0.0,0
GT,5.04899999999999,0.6967407796451923,2.5244999999999953,2.2988302642799954,0.0,0
Solar PV,0.0,NaN,0.0,0.0,0.6,0
Wind Onshore,9.971067571561866,0.28893792103692334,17.449368250233267,8.050349115343902,0.6,0
Wind Offshore,0.0,NaN,0.0,0.0,0.6,0
Biogas,0.0,NaN,0.0,0.0,0.6,0
Brown coal,0.0,NaN,0.0,0.0,0.6,0
Hard coal,0.0,NaN,0.0,0.0,0.6,0
CCGT,0.0,NaN,0.0,0.0,0.6,0
GT,4.394965768986751,0.32017033864084915,2.1974828844933754,1.9836959702180605,0.6,0
Solar PV,0.0,NaN,0.0,0.0,0.8,0
Wind Onshore,23.661949810284227,0.2889379210369233,41.4084121679974,19.103968091221702,0.8,0
Wind Offshore,0.0,NaN,0.0,0.0,0.8,0
Biogas,0.0,NaN,0.0,0.0,0.8,0
Brown coal,0.0,NaN,0.0,0.0,0.8,0
Hard coal,0.0,NaN,0.0,0.0,0.8,0
CCGT,0.0,NaN,0.0,0.0,0.8,0
GT,3.9276148252972303,0.17913386892068028,1.9638074126486151,1.766947094589166,0.8,0
Solar PV,24.51005338456095,0.004149807132754365,17.157037369192665,11.529529112097473,0.95,0
Wind Onshore,28.5,0.2889379210369234,49.875,23.0100686953185,0.95,0
Wind Offshore,46.24523317693739,0.2889379210369232,180.35640939005583,124.35208310475517,0.95,0
Biogas,0.0,-Inf,0.0,-1.0747498890850696e-19,0.95,0
Brown coal,2.2737367544323206e-16,0.10509672619047619,4.3200998334214096e-16,1.3760889743252883e-16,0.95,0
Hard coal,0.0,NaN,0.0,0.0,0.95,0
CCGT,0.0,NaN,0.0,0.0,0.95,0
GT,3.63680517855518,0.04836448508668994,1.81840258927759,1.6311326332067104,0.95,0
