Technology,Capacity_GW,Utilization,CAPEX_bilEUR,OM_bilEUR,Share_ren,Extension
Solar PV,0.0,NaN,0.0,0.0,0.0,0
Wind Onshore,0.0,NaN,0.0,0.0,0.0,0
Wind Offshore,0.0,NaN,0.0,0.0,0.0,0
Biogas,0.0,NaN,0.0,0.0,0.0,0
Brown coal,0.0,NaN,0.0,0.0,0.0,0
Hard coal,0.0,NaN,0.0,0.0,0.0,0
CCGT,0.0,NaN,0.0,0.0,0.0,0
GT,5.61,0.6967407796451914,2.805,2.5542558492000027,0.0,0
Solar PV,0.0,NaN,0.0,0.0,0.6,0
Wind Onshore,11.078963968402066,0.28893792103692334,19.388186944703616,8.944832350382107,0.6,0
Wind Offshore,0.0,NaN,0.0,0.0,0.6,0
Biogas,0.0,NaN,0.0,0.0,0.6,0
Brown coal,0.0,NaN,0.0,0.0,0.6,0
Hard coal,0.0,NaN,0.0,0.0,0.6,0
CCGT,0.0,NaN,0.0,0.0,0.6,0
GT,4.8832952988741685,0.3201703386408492,2.4416476494370842,2.204106633575624,0.6,0
Solar PV,0.0,NaN,0.0,0.0,0.8,0
Wind Onshore,26.291055344760274,0.28893792103692334,46.00934685333048,21.226631212468565,0.8,0
Wind Offshore,0.0,NaN,0.0,0.0,0.8,0
Biogas,0.0,NaN,0.0,0.0,0.8,0
Brown coal,0.0,NaN,0.0,0.0,0.8,0
Hard coal,1.8189894035458565e-15,0.001488095238095238,3.0013325158506636e-15,9.779058309504763e-16,0.8,0
CCGT,8.837375276016247e-17,0.001488095238095238,8.395506512215435e-17,4.355205236450362e-17,0.8,0
GT,4.364016472552477,0.17913386892068017,2.1820082362762387,1.9632745495434925,0.8,0
Solar PV,27.23339264951217,0.004335821089316578,19.063374854658516,12.810587902330365,0.95,0
Wind Onshore,28.5,0.2889379210369234,49.875,23.0100686953185,0.95,0
Wind Offshore,54.55025908548602,0.2889379210369234,212.7460104333955,146.68405552698562,0.95,0
Biogas,-1.0800249583553523e-15,0.14334370663785753,-3.240074875066057e-15,-2.9043679987154184e-15,0.95,0
Brown coal,0.0,NaN,0.0,0.0,0.95,0
Hard coal,0.0,NaN,0.0,0.0,0.95,0
CCGT,0.0,NaN,0.0,0.0,0.95,0
GT,4.040894642839089,0.04836448508668996,2.0204473214195446,1.8123695924519205,0.95,0
