Share_ren,LCOE,Production_MWh,Demand_MWh,Curtailment_MWh,CAPEX_t_bilEUR,OM_t_bilEUR,Extension
0.0,52.620440811266946,2.626657e6,2.626657e6,1.0,2.8049999999999997,2.5542558492000027,0
0.6,342.8739137517347,3.2018240525355064e6,2.626657e6,1.2189730339878813,21.8298345941407,11.14893898395769,0
0.8,754.2992651997315,5.630167890778117e6,2.626657e6,2.14347282145256,48.1913550896067,23.18990576201278,0
0.95,4451.117366868135,1.6336242120987214e7,2.626657e6,6.219404406813381,283.70483260947213,184.3170817170909,0
